source,text,created_at,retweet_count,favorite_count,is_retweet,id_str
Twitter for iPhone,OPEN THE SCHOOLS!!!,08-04-2020 03:22:56,59281,339972,FALSE,1290488364362170371
Twitter for iPhone,RT @realDonaldTrump: Very excited to see @SeanHannity‚Äôs long awaited new book 'Live Free or Die: America (and the World) on the Brink' whi‚Ä¶,08-04-2020 02:38:01,14220,0,TRUE,1290477057709756416
Twitter for iPhone,RT @realDonaldTrump: In an illegal late night coup Nevada‚Äôs clubhouse Governor made it impossible for Republicans to win the state. Post O‚Ä¶,08-04-2020 01:41:25,36006,0,TRUE,1290462815891881986
Twitter for iPhone,RT @ericbolling: 5 years ago today....,08-04-2020 01:33:36,4479,0,TRUE,1290460849296019459
Twitter for iPhone,RT @TeamTrump: President @realDonaldTrump: Drug prices are falling for the first time in 51 years thanks to this administration https://t.c‚Ä¶,08-04-2020 01:29:53,8072,0,TRUE,1290459912804368391
Twitter for iPhone,RT @WhiteHouse: President @realDonaldTrump is directing @USDA @HHSGov and @FCC to form a task force that will break down barriers to expa‚Ä¶,08-04-2020 01:29:15,5459,0,TRUE,1290459751885742084
Twitter for iPhone,"RT @TeamTrump: President @realDonaldTrump on the Biden-Sanders Manifesto: ""Biden is now running as the most extreme left-wing candidate in‚Ä¶",08-04-2020 01:28:52,5721,0,TRUE,1290459657199333379
Twitter for iPhone,RT @TeamTrump: President @realDonaldTrump passed Veterans Choice and Veterans Accountability - our Veterans are finally being treated prope‚Ä¶,08-04-2020 01:28:35,5288,0,TRUE,1290459584847654917
Twitter for iPhone,"RT @WhiteHouse: ""We've vastly expanded coverage allowing Medicare to cover more than 135 new services through telehealth."" https://t.co/Uaf‚Ä¶",08-03-2020 22:43:28,6563,0,TRUE,1290418034646163456
Twitter for iPhone,RT @WhiteHouse: President @realDonaldTrump's latest order builds upon a series of actions we've taken to make telehealth available to ALL!‚Ä¶,08-03-2020 22:43:13,5398,0,TRUE,1290417971349925888
Twitter for iPhone,RT @WhiteHouse: President @realDonaldTrump just signed an executive order to ensure telehealth is here to stay! https://t.co/MRaI0vm10S,08-03-2020 22:43:09,6262,0,TRUE,1290417952899182592
Twitter for iPhone,"RT @WhiteHouse: ""I urge all Americans to continue to socially distance wash your hands wear a mask when you cannot avoid crowded places‚Ä¶",08-03-2020 22:25:03,6686,0,TRUE,1290413397490761729
Twitter for iPhone,RT @WhiteHouse: We're beginning to see evidence that the Coronavirus is receding around the country.By the numbers: https://t.co/5xi4wf4Z‚Ä¶,08-03-2020 22:24:59,7207,0,TRUE,1290413383301423105
Twitter for iPhone,RT @WhiteHouse: The coastal areas of North Carolina Virginia Maryland Delaware and New Jersey are expected to see heavy wind and rain o‚Ä¶,08-03-2020 22:24:49,3954,0,TRUE,1290413340116889600
Twitter for iPhone,RT @WhiteHouse: President @realDonaldTrump gives an update on Tropical Storm Isaias: https://t.co/5snaYnZdef,08-03-2020 22:24:48,3727,0,TRUE,1290413335985430528
Twitter for iPhone,RT @WhiteHouse: LIVE: President @realDonaldTrump holds a news conference https://t.co/sMUGhjnNnI,08-03-2020 21:36:46,5466,0,TRUE,1290401249251270663
Twitter for iPhone,My visits last week to Texas and Florida had massive numbers of cheering people gathered along the roads and highways thousands and thousands even bigger (by far) than the crowds of 2016. Saw no Biden supporters and yet some in the Fake News said it was an equal number. Sad!,08-03-2020 15:27:41,25541,119077,FALSE,1290308363872538624
Twitter for iPhone,RT @realDonaldTrump: FAKE NEWS IS THE ENEMY OF THE PEOPLE!,08-03-2020 13:53:10,81162,0,TRUE,1290284578578419712
Twitter for iPhone,RECORD HIGH NASDAQ! It would all come crashing down including your Jobs Stocks and 401k‚Äôs if Sleepy Joe ever became President. China and others would own us!!!,08-03-2020 13:49:25,34125,147839,FALSE,1290283634130214913
Twitter for iPhone,So Crazy Nancy Pelosi said horrible things about Dr. Deborah Birx going after her because she was too positive on the very good job we are doing on combatting the China Virus including Vaccines &amp; Therapeutics. In order to counter Nancy Deborah took the bait &amp; hit us. Pathetic!,08-03-2020 13:44:56,25485,98684,FALSE,1290282508303716352
Twitter for iPhone,Wow! Really bad TV Ratings for Morning Joe (@JoeNBC). @foxandfriends doing great leading all others by far. @CNN not a factor!!!,08-03-2020 12:57:35,15529,74794,FALSE,1290270589945430016
Twitter for iPhone,My visits last week to Texas and Frorida had massive numbers of cheering people gathered along the roads and highways thousands and thousands even bigger (by far) than the crowds of 2016. Saw no Biden supporters and yet some in the Fake News said it was an equal number. Sad!,08-03-2020 12:46:02,12976,59426,FALSE,1290267685117460481
Twitter for iPhone,96% Approval Rating in the Republican Party. 50% in new Rasmussen Poll (higher than Obama at this point in time). Thank you!,08-03-2020 12:22:41,29156,151566,FALSE,1290261807282757632
Twitter for iPhone,Cases up because of BIG Testing! Much of our Country is doing very well. Open the Schools!,08-03-2020 12:03:48,32399,171758,FALSE,1290257055534551043
Twitter for iPhone,FAKE NEWS IS THE ENEMY OF THE PEOPLE!,08-03-2020 11:49:09,81162,394339,FALSE,1290253369404092417
Twitter for iPhone,With the exception of New York &amp; a few other locations we‚Äôve done MUCH better than most other Countries in dealing with the China Virus. Many of these countries are now having a major second wave. The Fake News is working overtime to make the USA (&amp; me) look as bad as possible!,08-03-2020 11:46:24,23276,101051,FALSE,1290252674777133057
Twitter for iPhone,In an illegal late night coup Nevada‚Äôs clubhouse Governor made it impossible for Republicans to win the state. Post Office could never handle the Traffic of Mail-In Votes without preparation. Using Covid to steal the state. See you in Court! https://t.co/cNSPINgCY7,08-03-2020 11:37:25,35998,99812,FALSE,1290250416278532096
Twitter for iPhone,RT @TeamTrump: President @realDonaldTrump from his Pennsylvania tele-rally: Getting rid of fracking like what Joe Biden and the radical De‚Ä¶,08-03-2020 11:27:29,6979,0,TRUE,1290247914783047680
Twitter for iPhone,RT @TeamTrump: President @realDonaldTrump: We achieved record-low unemployment for African Americans Hispanic Americans Asian Americans a‚Ä¶,08-03-2020 11:27:07,6764,0,TRUE,1290247823271878657
Twitter for iPhone,RT @TeamTrump: President @realDonaldTrump: Joe Biden and the far-left want to abolish borders fully support sanctuary cities and incentivi‚Ä¶,08-03-2020 11:26:52,5706,0,TRUE,1290247760768192513
Twitter for iPhone,RT @TeamTrump: President @realDonaldTrump: We passed the largest tax cut in the history of our country https://t.co/89zrfv1Qe0,08-03-2020 11:26:43,6744,0,TRUE,1290247721761280003
Twitter for iPhone,RT @GOPChairwoman: Joe Biden's radical agenda would wipe out our energy sector and destroy over 10 million American jobs.Under @realDonal‚Ä¶,08-03-2020 11:26:26,7667,0,TRUE,1290247650139308033
Twitter for iPhone,RT @TeamTrump: President @realDonaldTrump to the people of Pennsylvania: I‚Äôll never let you down and we will continue to put America First!‚Ä¶,08-03-2020 11:26:03,5072,0,TRUE,1290247555981258752
Twitter for iPhone,RT @CLewandowski_: Great to be able to participate in the Gloucester MA Trump boat parade yesterday.  Huge turn out to support ‚Å¶@realDonal‚Ä¶,08-03-2020 11:25:50,7852,0,TRUE,1290247499630829568
Twitter for iPhone,https://t.co/h5bAKu6Xws,08-03-2020 01:29:13,47713,167746,FALSE,1290097359204913152
Twitter for iPhone,....and ruined. The Federal Government must again seek the Death Penalty in a do-over of that chapter of the original trial. Our Country cannot let the appellate decision stand. Also it is ridiculous that this process is taking so long!,08-02-2020 19:48:23,18127,86608,FALSE,1290011585587666946
Twitter for iPhone,Rarely has anybody deserved the death penalty more than the Boston Bomber Dzhokhar Tsarnaev. The court agreed that this ‚Äúwas one of the worst domestic terrorist attacks since the 9/11 atrocities‚Äù. Yet the appellate court tossed out the death sentence. So many lives lost....,08-02-2020 19:48:20,31582,134427,FALSE,1290011569657610240
Twitter for iPhone,https://t.co/s8DJb1LxQW https://t.co/MYOBJcSuLn,08-02-2020 19:13:35,18855,78612,FALSE,1290002828203667458
Twitter for iPhone,Astronauts complete first splashdown in 45 years. Very exciting!,08-02-2020 18:59:28,33551,234988,FALSE,1289999271664787463
Twitter for iPhone,Great to have NASA Astronauts return to Earth after very successful two month mission. Thank you to all!,08-02-2020 18:54:00,30514,236964,FALSE,1289997897723863040
Twitter for iPhone,When you see the Drug Companies taking massive  television ads against me forget what they say (which is false) YOU KNOW THAT DRUG PRICES ARE COMING DOWN BIG. Favored Nations Clause means USA will pay the lowest price of any nation in the World. Never done before. Watch!!!,08-02-2020 12:01:39,46540,176864,FALSE,1289894127778377728
Twitter for iPhone,Big China Virus breakouts all over the World including nations which were thought to have done a great job. The Fake News doesn‚Äôt report this. USA will be stronger than ever before and soon! https://t.co/pZwjvgmVTO,08-02-2020 11:35:27,21123,76824,FALSE,1289887533250351110
Twitter for iPhone,RT @AKA_RealDirty: The great one @marklevinshow Says Obama is a pathological liar. https://t.co/XCVC1BW1Pd,08-02-2020 11:16:49,11609,0,TRUE,1289882843032637442
Twitter for iPhone,RT @TeamTrump: President @realDonaldTrump: We want to get stimulus money to the people Democrats view it as a political issue https://t.co‚Ä¶,08-02-2020 11:14:28,15622,0,TRUE,1289882252734693377
Twitter for iPhone,RT @WhiteHouse: President @realDonaldTrump met with the family of Army specialist Vanessa Guill√©n in the Oval Office on Thursday. https://t‚Ä¶,08-02-2020 11:13:36,9788,0,TRUE,1289882034358439936
Twitter for iPhone,RT @WattersWorld: ‚ÄúIt would be truly sad if it wasn‚Äôt so scary that- Joe Biden- could be in charge of the nuclear football.‚Äù - @DonaldTrump‚Ä¶,08-02-2020 11:11:20,7203,0,TRUE,1289881464184532994
Twitter for iPhone,RT @WattersWorld: ‚ÄúDon‚Äôt believe the lies you hear from the media or on social media about a Biden Victory. This is going to be a very clos‚Ä¶,08-02-2020 11:10:53,7995,0,TRUE,1289881349466107907
Twitter for iPhone,RT @AKA_RealDirty: .@JesseBWatters Shift in support to @realDonaldTrump in battleground states. https://t.co/XweyOKgKpb,08-02-2020 11:09:46,9149,0,TRUE,1289881071610339329
Twitter for iPhone,RT @AKA_RealDirty: .@JesseBWatters says @JoeBiden Doesn‚Äôt even have a base. It‚Äôs all borrowed Bernie Bros and Trump haters. https://t.co/be‚Ä¶,08-02-2020 11:09:40,5829,0,TRUE,1289881045815320577
Twitter for iPhone,RT @realDonaldTrump: MAKE AMERICA GREAT AGAIN!,08-02-2020 11:07:13,70327,0,TRUE,1289880428854181889
Twitter for iPhone,RT @boyokingu: @AKA_RealDirty @JesseBWatters @realDonaldTrump https://t.co/GtXkwn7lzc,08-02-2020 11:06:22,5697,0,TRUE,1289880214810423296
Twitter for iPhone,RT @TommyHicksGOP: ‚ÄúJoe Biden actually wants to raise taxes over $7 trillion on the American people.‚Äù‚Äî@ErinMPerrine https://t.co/eOBMW7iUeL,08-02-2020 11:03:37,11624,0,TRUE,1289879522700152833
Twitter for iPhone,RT @AKA_RealDirty: .@DHS_Wolf Explains what‚Äôs going on in Portland. https://t.co/upv8CsLU9W,08-02-2020 11:03:19,5235,0,TRUE,1289879445914841089
Twitter for iPhone,RT @AKA_RealDirty: .@dbongino says @JoeBiden is the #ChaosCandidate. https://t.co/4nRBlzfOxk,08-02-2020 10:58:26,4925,0,TRUE,1289878218904764417
Twitter for iPhone,RT @AKA_RealDirty: Democrats made a mockery of the Barr Hearing. @JesseBWatters https://t.co/qRUW05MwLW,08-02-2020 10:56:22,5289,0,TRUE,1289877695367536640
Twitter for iPhone,Was in the Great State of Texas this week and explained that the Radical Left Do Nothing Democrats headed up by their great leader Sleepy Joe Biden (who never leaves his basement) are strongly against ‚ÄúOil Gas Guns &amp; God‚Äù. Must be tough to win Texas on that platform!,08-02-2020 10:54:19,21998,95574,FALSE,1289877179791110144
Twitter for iPhone,RT @mattgaetz: Preorder FIREBRAND:Dispatches from the front lines of the MAGA Revolutionhttps://t.co/cUipEvmMw3 https://t.co/5pzy0xERDp,08-02-2020 10:42:52,3574,0,TRUE,1289874301517066241
Twitter for iPhone,Madison is a star who loves the USA and his Great State North Carolina. Will fight for Military Vets 2nd Amendment Lower Taxes &amp; Regulations. He is a winner who has my Complete &amp; Total Endorsement! https://t.co/EXGrLh9dQt,08-02-2020 10:40:02,8308,31798,FALSE,1289873585318899712
Twitter for iPhone,RT @EliseStefanik: THREAD: #TaxinTedra's latest stance she's hiding from voters? Medicare for All for illegal immigrants - which she franti‚Ä¶,08-02-2020 10:29:02,5149,0,TRUE,1289870819909406720
Twitter for iPhone,RT @RichardGrenell: The NYT is totally biased and has lost its way. Their agenda is the priority. Everything they do is advocacy. Everyth‚Ä¶,08-02-2020 10:28:04,12241,0,TRUE,1289870575687499781
Twitter for iPhone,That‚Äôs because it is mostly FAKE NEWS! https://t.co/qM5LtOvsH8,08-02-2020 10:25:51,11528,43811,FALSE,1289870016272166913
Twitter for iPhone,RT @RichardGrenell: And he‚Äôs too weak and confused to stand up to them.,08-02-2020 10:10:58,11603,0,TRUE,1289866271950086145
Twitter for iPhone,RT @TCPigott: Warren appears to roll her eyes as Joe Biden continually confuses what he's saying https://t.co/2aw2A2LyYm,08-02-2020 10:08:59,11868,0,TRUE,1289865773658210304
Twitter for iPhone,RT @hughhewitt: The case for re-electing @realDonaldTrump in 800 words. My new @washingtonpost column: https://t.co/CfMKRTZsYz,08-02-2020 10:07:03,7200,0,TRUE,1289865285965688832
Twitter for iPhone,"RT @PacificReports: ""Have you ever watched this guy on television? Like a machine @mattgaetz."" -@POTUSIn this installment Matt recounts‚Ä¶",08-02-2020 10:00:10,4164,0,TRUE,1289863552912838661
Twitter for iPhone,Hunter - Meadow is proud of you. So am I. Congratulations! https://t.co/Bb8I3l3wfv,08-02-2020 09:58:15,6870,31960,FALSE,1289863070836121601
Twitter for iPhone,RT @TrumpStudents: More acts of courage from within the NBA - Miami Heat‚Äôs Meyers Leonard stands for what he believes! https://t.co/zmh1ZQD‚Ä¶,08-02-2020 09:51:59,12595,0,TRUE,1289861494306295808
Twitter for iPhone,I love Colorado! https://t.co/RptiR8wybe,08-02-2020 09:49:57,5902,19472,FALSE,1289860984069173248
Twitter for iPhone,This is outrageous. Must be met with immediate litigation! @GOPChairwoman https://t.co/CD6bD3Kn6J,08-02-2020 09:41:46,18333,44457,FALSE,1289858922690621440
Twitter for iPhone,RT @marklevinshow: Tomorrow 8 PM eastern my big interview with my buddy Sean Hannity on Life Liberty &amp; Levin! Please don‚Äôt miss it on Fox!,08-02-2020 09:37:29,4125,0,TRUE,1289857846557868038
Twitter for iPhone,RT @Heritage: Is Twitter censoring those who speak out about the risks associated with mail-in voting? @HVonSpakovsky joined @Liz_Wheeler t‚Ä¶,08-02-2020 09:17:22,6314,0,TRUE,1289852785379295232
Twitter for iPhone,RT @TVNewsHQ: ‚ÄúTrump‚Äôs base is twice as fired up as Biden‚Äôs base. In fact Joe doesn‚Äôt really have a base. Have you ever seen a Biden bumpe‚Ä¶,08-02-2020 04:37:26,7225,0,TRUE,1289782336809140224
Twitter for iPhone,RT @TVNewsHQ: Watch @DonaldJTrumpJr on Joe Biden‚Äôs blunders: ‚ÄúIt would be truly sad if it wasn‚Äôt so scary that Joe Biden could be in charge‚Ä¶,08-02-2020 04:37:06,5349,0,TRUE,1289782253472452609
Twitter for iPhone,RT @TVNewsHQ: Fox News‚Äô @jessebwatters on the ‚ÄúTrump turnaround: You can feel the momentum shift in the Presidential race. It showed up in‚Ä¶,08-02-2020 04:16:30,5703,0,TRUE,1289777065995038720
Twitter for iPhone,RT @TVNewsHQ: Watch: Fox News‚Äô @dbongino on the ‚Äúchaos candidate‚Äù Joe Biden https://t.co/lTghrnsDEq,08-02-2020 04:16:04,4900,0,TRUE,1289776958512005120
Twitter for iPhone,RT @seanhannity: GOP Resolution Slams Omar Says Lawmaker Advocating ‚ÄòMarxist‚Äô Government https://t.co/Fuddk82jVY,08-02-2020 04:15:24,7532,0,TRUE,1289776792161591298
Twitter for iPhone,RT @seanhannity: THANKS DE BLASIO! City Slashes Sanitation Budget 60% Rotting Garbage Overflows on to Streets https://t.co/gdhcyUISm9,08-02-2020 04:13:20,13584,0,TRUE,1289776269706502144
Twitter for iPhone,Death penalty! He killed and badly wounded many. Justice! https://t.co/WM9Vw26a21,08-02-2020 04:12:55,23658,103438,FALSE,1289776166174248960
Twitter for iPhone,RT @seanhannity: CRUZ MISSILE: Cruz Asks Twitter to BAN CNN Over Post Promoting Same Drug That Got Trump Jr Barred https://t.co/K79JGH4b79,08-02-2020 04:09:06,8241,0,TRUE,1289775204567138304
Twitter for iPhone,RT @seanhannity: AG Asks Democrats ‚ÄòSince When is it Okay to Try and Burn Down a Courthouse?‚Äô https://t.co/lRV1IJ9ypl,08-02-2020 04:08:08,9377,0,TRUE,1289774962757140480
Twitter for iPhone,RT @DanScavino: 7/31/20‚òÄÔ∏èFLORIDA! #MAGAüá∫üá∏ü¶Ö https://t.co/cBlm3ENL6U,08-02-2020 04:07:56,16546,0,TRUE,1289774911414657024
Twitter for iPhone,RT @seanhannity: His name is Igor Danchenko https://t.co/0NVKGM0hWn,08-02-2020 04:06:52,7452,0,TRUE,1289774643616784387
Twitter for iPhone,RT @seanhannity: The Heat Is ON: Biden Campaign Goes On Defense Over Senate Burisma Investigation https://t.co/rXwG2Mg3UN,08-02-2020 04:06:42,6420,0,TRUE,1289774600021131265
Twitter for iPhone,RT @realDonaldTrump: Very excited to see @SeanHannity‚Äôs long awaited new book 'Live Free or Die: America (and the World) on the Brink' whi‚Ä¶,08-02-2020 04:05:38,11619,0,TRUE,1289774333808738304
Twitter for iPhone,RT @seanhannity: TOMORROW I join The Great One .@marklevinshow to discuss my new book ‚ÄúLive Free or Die: America (and the World) on the‚Ä¶,08-02-2020 04:05:24,2959,0,TRUE,1289774273205338112
Twitter for iPhone,RT @seanhannity: GRAHAM: The FBI ‚ÄòLied Their A** OFF‚Äô to Congress about FISA Warrant Steele Dossier https://t.co/cZXWsf4fnQ,08-02-2020 04:05:16,8054,0,TRUE,1289774239017361409
Twitter for iPhone,RT @JohnWHuber: More delays - DC Circuit WILL rehear Flynn case en banc with the full court...,08-02-2020 04:00:38,5760,0,TRUE,1289773073462304768
Twitter for iPhone,RT @AndreasShrugged: The German -10.1% contraction simply compares Q2 to Q1 in 2020. What's the corresponding % for the US? It's -9.5% (you‚Ä¶,08-02-2020 03:55:08,3268,0,TRUE,1289771689874567169
Twitter for iPhone,RT @ScottAdamsSays: You might want to adjust your presidential bets after seeing this. I think it‚Äôs over.,08-02-2020 03:49:28,9361,0,TRUE,1289770262783619073
Twitter for iPhone,RT @ShellenbergerMD: - Output from industrial wind turbines declines by nearly *50%* (!) over 10 years- Cost of taking down old wind turb‚Ä¶,08-02-2020 03:39:12,4848,0,TRUE,1289767682196242437
Twitter for iPhone,RT @ShellenbergerMD: Germany‚Äôs renewables experiment is over. By 2025 it will have spent $580B to make electricity nearly 2x more expensi‚Ä¶,08-02-2020 03:33:02,15653,0,TRUE,1289766130819588096
Twitter for iPhone,MAKE AMERICA GREAT AGAIN!,08-02-2020 01:56:10,70327,433012,FALSE,1289741750680993794
Twitter for iPhone,RT @realDonaldTrump: Check out this Mail-In Voting experiment by a local news station! https://t.co/23tOdt1hYc,08-02-2020 01:53:51,60219,0,TRUE,1289741170373844992
Twitter for iPhone,RT @realDonaldTrump: We are going to WIN the 2020 Election BIG! #MAGA,08-02-2020 01:51:54,85021,0,TRUE,1289740676989476864
Twitter for iPhone,RT @realDonaldTrump: As the Wall goes up illegal crossings go down. This past week we built over 10 miles of Wall at our Southern Border.‚Ä¶,08-02-2020 01:51:36,31792,0,TRUE,1289740601659858944
Twitter for iPhone,RT @realDonaldTrump: We just got 50% in Rasmussen and much higher in our internal polls. We are doing a new ad campaign on Sleepy Joe Bide‚Ä¶,08-02-2020 01:50:25,23966,0,TRUE,1289740305533607937
Twitter for iPhone,RT @realDonaldTrump: .@BillHagertyTN an outstanding man and one of the best Ambassadors ever (Japan) is running an excellent campaign for‚Ä¶,08-02-2020 01:50:16,9923,0,TRUE,1289740267126288384
Twitter for iPhone,RT @realDonaldTrump: Pelosi &amp; Schumer blocked desperately needed unemployment payments which is so terrible especially since they fully u‚Ä¶,08-02-2020 01:49:45,42212,0,TRUE,1289740135714578435
Twitter for iPhone,RT @realDonaldTrump: Very disappointed in @SenSchumer for blocking the temporary extension of the $600 unemployment benefits. The Do Nothin‚Ä¶,08-02-2020 01:49:38,37987,0,TRUE,1289740108426620928
Twitter for iPhone,RT @realDonaldTrump: The Democrats are holding back the $1200 to $3400 (family of four) checks that were ready to be sent out!,08-02-2020 01:49:28,61973,0,TRUE,1289740067116744704
Twitter for iPhone,RT @realDonaldTrump: I am thrilled to be back in my home state of Florida‚Äîand honored to receive the endorsement of dozens of incredible Fl‚Ä¶,08-02-2020 01:49:00,22572,0,TRUE,1289739946786525184
Twitter for iPhone,RT @realDonaldTrump: I‚Äôm with you all the way thank you!https://t.co/JL15Lh7I7A,08-02-2020 01:48:32,26506,0,TRUE,1289739831938093056
Twitter for iPhone,RT @realDonaldTrump: https://t.co/t6R84x4PbP,08-02-2020 01:48:28,15607,0,TRUE,1289739813650718720
Twitter for iPhone,Congressman Blaine Luetkemeyer (@LuetkemeyerB) is doing a terrific job for Missouri! As a Small Businessman he helped us Lower your Taxes Strengthen our Military and Defend your Second Amendment. Blaine has my Complete and Total Endorsement! #MO03 https://t.co/NOuYXQAtQc,08-02-2020 01:27:50,4669,18806,FALSE,1289734620347473920
Twitter for iPhone,Congresswoman Vicky Hartzler (@VickyH4Congress) works hard for the people of Missouri! She strongly supports our incredible Military and Vets protects American Farmers and fights for Life. Vicky has my Complete and Total Endorsement! #MO04 https://t.co/rLgW1I1dSp,08-02-2020 01:27:44,4171,15975,FALSE,1289734596846731265
Twitter for iPhone,Congressman Sam Graves is doing an incredible job for Missouri! He fights for American Energy Independence defends your Second Amendment and he‚Äôll help us rebuild our nation‚Äôs Infrastructure. Sam has my Complete and Total Endorsement! #MO06 https://t.co/VnoWx8pwzL,08-02-2020 01:27:40,5070,19667,FALSE,1289734578815381504
Twitter for iPhone,Congressman Billy Long (@auctnr1) fully supports our America First agenda! He strongly supports our WALL protects our Vets and defends Life and your Second Amendment. Billy has my Complete and Total Endorsement! #MO07 https://t.co/z8IkVaDCkl,08-02-2020 01:27:36,3712,15480,FALSE,1289734560863854593
Twitter for iPhone,Congressman Dan Newhouse (@Newhouse4Rep) is doing a phenomenal job for Washington State! He is Strong on the Economy and Law Enforcement and he works hard to preserve your State‚Äôs beautiful Public Lands. Dan has my Complete and Total Endorsement! #WA04 https://t.co/4pggVq8rli,08-02-2020 01:27:32,3665,14094,FALSE,1289734544426442752
Twitter for iPhone,Cathy McMorris Rodgers (@TeamCMR) has been a tremendous advocate for the people of Washington State! She supports our Military and Vets and protects your State‚Äôs incredible Natural Resources. Cathy has my Complete and Total Endorsement! #WA05 https://t.co/IzwZZGxy4J,08-02-2020 01:27:28,3576,13689,FALSE,1289734528043372547
Twitter for iPhone,Congressman Jason Smith (@JasonSmithMO) is a conservative warrior for Missouri! He helped us Cut your Taxes Build the Wall and he stands strongly with me against the Radical Left! Jason has my Complete and Total Endorsement! #MO08 https://t.co/OjXBNwrWne,08-02-2020 01:27:24,3844,14420,FALSE,1289734510964281345
Twitter for iPhone,Dale Crafts (@DaleCraftsME) will be a tremendous Congressman for Maine! An experienced businessman Dale knows how to Create Jobs. He loves our Vets and Military and he will always defend your Second Amendment. Dale has my Complete and Total Endorsement! https://t.co/qwY6VaxbWF,08-02-2020 01:27:21,4005,15076,FALSE,1289734498561617920
Twitter for iPhone,RT @BenjAlvarez1: As Germany is experiencing a strong increase of new #COVID19 cases this is happening right now in Berlin. #b0108A ‚ÄúDay‚Ä¶,08-02-2020 01:19:06,14203,0,TRUE,1289732421710036994
Twitter for iPhone,Big flare ups in Europe. Fake News USA doesn‚Äôt like talking about this! https://t.co/7TR2hosXqZ,08-02-2020 01:16:28,8725,33617,FALSE,1289731760838721536
Twitter for iPhone,RT @bopinion: Estimates of the virus‚Äôs reproduction rate suggest that it‚Äôs risen back to around or above 1 in the following countries:üá¨üáßT‚Ä¶,08-01-2020 21:31:41,3269,0,TRUE,1289675192172597248
Twitter for iPhone,‚ÄúBiden to raise taxes by 3 Trillion Dollars.‚Äù Actually it will be much more than that and much of it on nonsense. Markets and your 401k‚Äôs will CRASH. Jobs will disappear!,08-01-2020 21:29:29,30259,114267,FALSE,1289674638285447168
Twitter for iPhone,Very excited to see @SeanHannity‚Äôs long awaited new book 'Live Free or Die: America (and the World) on the Brink' which will be released on Tuesday August 4th. Sean is a Great American Patriot. Make sure to get your copy today! https://t.co/XNci6lJ96v,08-01-2020 20:22:11,11595,45626,FALSE,1289657702608547840
Twitter for iPhone,A great new book ‚ÄúDefender in Chief: Donald Trump's Fight for Presidential Power‚Äù written by celebrated constitutional scholar John Yoo is now available. Thanks so much John ‚Äì greatly appreciate your support and words of wisdom! https://t.co/QAdxcK33Su,08-01-2020 20:17:11,8794,33228,FALSE,1289656445261119490
Twitter for iPhone,I actually agree with this. Too much income disparity. Changes must be made and soon! https://t.co/YZx6gPDTMb,08-01-2020 19:37:00,28093,99716,FALSE,1289646330361470977
Twitter for iPhone,Peggy Noonan a ‚ÄúConcast‚Äù MSDNC @WSJ puppet doesn‚Äôt have a clue and hasn‚Äôt for many years. Never got the ‚ÄúTrump thing‚Äù. She plays right into the hands of the stupid people!,08-01-2020 19:29:20,13013,52903,FALSE,1289644402906763265
Twitter for iPhone,Payroll Tax Cut plus Dollars!,08-01-2020 19:11:10,31357,166064,FALSE,1289639829810999297
Twitter for iPhone,Jake this wasn‚Äôt a Trump Rally but rather a very successful gathering of the great Sheriffs and Law Enforcement (of Florida) who gave me their unequivocal ENDORSEMENT. No Defund the Police here. Best Wishes! https://t.co/xloRKGnb97,08-01-2020 18:57:24,18090,62497,FALSE,1289636367283232768
Twitter for iPhone,RT @realDonaldTrump: .....Our massive testing capability rather than being praised is used by the Lamestream Media and their partner the‚Ä¶,08-01-2020 18:47:59,19430,0,TRUE,1289633994242322432
Twitter for iPhone,RT @realDonaldTrump: Somebody please tell Congressman Clyburn who doesn‚Äôt have a clue that the chart he put up indicating more CASES for‚Ä¶,08-01-2020 18:47:35,33158,0,TRUE,1289633894237474816
Twitter for iPhone,Wrong! We have more cases because we have tested far more than any other country 60000000. If we tested less there would be less cases. How did Italy France &amp; Spain do? Now Europe sadly has flare ups. Most of our governors worked hard &amp; smart. We will come back STRONG!:: https://t.co/hhwYOrnWZn,08-01-2020 18:45:27,20175,73794,FALSE,1289633359681839105
Twitter for iPhone,Homeland Security is not leaving Portland until local police complete cleanup of Anarchists and Agitators!,08-01-2020 03:52:38,35033,170532,FALSE,1289408673324777472
Twitter for iPhone,Obama worked harder for Hillary Clinton and the losing Clinton Campaign than she worked for herself! Now he‚Äôs working with Sleepy Joe - will be same result. MAGA is energized like never before!,08-01-2020 03:46:45,38706,179188,FALSE,1289407195029762049
Twitter for iPhone,We have more Cases because we do more Testing. It‚Äôs Lamestream Media Gold!,08-01-2020 03:08:21,35393,220000,FALSE,1289397528639791104
Twitter for iPhone,We beat Obama 4 years ago he worked harder than Crooked Hillary and we‚Äôll do it again! https://t.co/oaqnlkr7bW,08-01-2020 00:32:15,29174,123077,FALSE,1289358246541553664
Twitter for iPhone,I‚Äôm with you all the way thank you!https://t.co/JL15Lh7I7A,08-01-2020 00:13:51,26307,100084,FALSE,1289353615224668160
Twitter for iPhone,"RT @WhiteHouse: ""The single best way to defeat the disease is personal responsibility ... socially distance wear a mask when you cannot av‚Ä¶",08-01-2020 00:10:42,9759,0,TRUE,1289352821591216128
Twitter for iPhone,https://t.co/t6R84x4PbP,07-31-2020 21:36:40,15553,59421,FALSE,1289314056654843905
Twitter for iPhone,I am thrilled to be back in my home state of Florida‚Äîand honored to receive the endorsement of dozens of incredible Florida Sheriffs THANK YOU! #LESM https://t.co/THl3IUf19Y,07-31-2020 21:31:00,22487,87846,FALSE,1289312630608465920
Twitter for iPhone,RT @SteveScalise: WATCH ‚Üí Dr. Fauci says @realDonaldTrump's leadership saved lives and that he was in agreement on the decisions.Did stop‚Ä¶,07-31-2020 19:55:35,16229,0,TRUE,1289288621900435457
Twitter for iPhone,The Democrats are holding back the $1200 to $3400 (family of four) checks that were ready to be sent out!,07-31-2020 19:37:56,61498,200748,FALSE,1289284178127646720
Twitter for iPhone,Very disappointed in @SenSchumer for blocking the temporary extension of the $600 unemployment benefits. The Do Nothing Democrats are more interested in playing politics than in helping our deserving people. DRAIN THE SWAMP ON NOVEMBER 3RD!,07-31-2020 19:37:11,37561,116690,FALSE,1289283987718828032
Twitter for iPhone,Pelosi &amp; Schumer blocked desperately needed unemployment payments which is so terrible especially since they fully understand that it was not the workers fault that they are unemployed it‚Äôs the fault of China!,07-31-2020 19:33:37,41586,142021,FALSE,1289283091635122176
Twitter for iPhone,Pelosi &amp; Schumer have no interest in making a deal that is good for our Country and our People. All they want is a trillion dollars and much more for their Radical Left Governed States most of which are doing very badly. It is called a BAILOUT for many years of bad Dem Mgmt!,07-31-2020 19:31:36,26278,86175,FALSE,1289282585718190080
Twitter for iPhone,RT @realDonaldTrump: Congresswoman Jackie Walorski (@jackiewalorski) is doing an incredible job for Indiana. She fights for Small Businesse‚Ä¶,07-31-2020 19:06:45,19165,0,TRUE,1289276330320654336
Twitter for iPhone,.@BillHagertyTN an outstanding man and one of the best Ambassadors ever (Japan) is running an excellent campaign for the Senate. He loves Tennessee and loves our Country. We need him badly in Washington. He has my Complete and Total Endorsement!https://t.co/VGeHlzYfwy,07-31-2020 19:05:20,9792,33975,FALSE,1289275972919816192
Twitter for iPhone,We just got 50% in Rasmussen and much higher in our internal polls. We are doing a new ad campaign on Sleepy Joe Biden that will be out on Monday. He has been brought even further LEFT than Crazy Bernie Sanders ever thought possible. By the way Bernie‚Äôs people love me on Trade!,07-31-2020 19:02:42,23691,96366,FALSE,1289275311272521728
Twitter for iPhone,RT @Jim_Jordan: Can‚Äôt go to church.Can‚Äôt go to work. Can‚Äôt go to school.Even Dr. Fauci says protesting is dangerous.But Democrats enc‚Ä¶,07-31-2020 18:09:12,33338,0,TRUE,1289261848865406976
Twitter for iPhone,Great job by Jim Jordan and also some very good statements by Tony Fauci. Big progress being made! https://t.co/8Oeca9H3yq,07-31-2020 18:03:12,19222,77712,FALSE,1289260338135699456
Twitter for iPhone,.....Our massive testing capability rather than being praised is used by the Lamestream Media and their partner the Do Nothing Radical Left Democrats as a point of scorn. This testing and what we have so quickly done is used as a Fake News weapon. Sad!,07-31-2020 14:08:43,19227,85431,FALSE,1289201326375804930
Twitter for iPhone,Somebody please tell Congressman Clyburn who doesn‚Äôt have a clue that the chart he put up indicating more CASES for the U.S. than Europe is because we do MUCH MORE testing than any other country in the World. If we had no testing or bad testing we would show very few CASES..,07-31-2020 14:08:42,32852,141973,FALSE,1289201322588241920
Twitter for iPhone,https://t.co/O8bK1Ewtqu,07-31-2020 13:15:34,18348,53990,FALSE,1289187953269342208
Twitter for iPhone,Great to spend time with Mike Singletary while going to Texas. He‚Äôs one of the greatest football players ever ‚Äî A strong man and a really good person. Great being with you Mike! https://t.co/lWsYn4lhOm,07-30-2020 23:33:13,21269,120478,FALSE,1288981002849865728
Twitter for iPhone,My Administration has been focused on finding treatments for Coronavirus. If you‚Äôve recovered from Coronavirus donate your plasma today to help SAVE LIVES! Together we will beat the Virus!üåêhttps://t.co/YLpBCgf837 https://t.co/IyO4livTLm,07-30-2020 22:45:25,17526,63473,FALSE,1288968970331213830
Twitter for iPhone,As the Wall goes up illegal crossings go down. This past week we built over 10 miles of Wall at our Southern Border. We now have 256 miles of NEW Wall and we are on track to have 300 miles completed by the end of August! https://t.co/AWl0dYfY1w,07-30-2020 22:34:05,31217,141150,FALSE,1288966119676616704
Twitter for iPhone,RT @WhiteHouse: LIVE: President @realDonaldTrump holds a news conference https://t.co/VJN1DydCRK,07-30-2020 21:42:11,8287,0,TRUE,1288953059717128192
Twitter for iPhone,https://t.co/DzCU5kF6Mm,07-30-2020 21:20:03,26630,70010,FALSE,1288947487911419905
Twitter for iPhone,We are going to WIN the 2020 Election BIG! #MAGA,07-30-2020 20:23:17,83192,441063,FALSE,1288933202812456968
Twitter for iPhone,Must know Election results on the night of the Election not days months or even years later!,07-30-2020 20:22:47,38755,178127,FALSE,1288933078287745024
Twitter for iPhone,Glad I was able to get the very dishonest LameStream Media to finally start talking about the RISKS to our Democracy from dangerous Universal Mail-In-Voting (not Absentee Voting which I totally support!).,07-30-2020 20:22:14,28587,109792,FALSE,1288932940337090561
Twitter for iPhone,RT @WhiteHouse: LIVE: President @realDonaldTrump participates in a roundtable on donating plasma https://t.co/pMnAQKQJig,07-30-2020 19:03:00,7097,0,TRUE,1288913001135968262
Twitter for iPhone,...the phone with his amazing wife Gloria daughter Melanie and son Vincent to express my deepest condolences to the entire family. @FLOTUS Melania and I loved Herman Cain a great man. Herman Rest In Peace! https://t.co/GNUf5jHjX0,07-30-2020 18:42:50,22872,107368,FALSE,1288907923914137604
Twitter for iPhone,My friend Herman Cain a Powerful Voice of Freedom and all that is good passed away this morning. Herman had an incredible career and was adored by everyone that ever met him especially me. He was a very special man an American Patriot and great friend. I just got off...,07-30-2020 18:42:48,31321,147026,FALSE,1288907916020461569
Twitter for iPhone,Support Patio Pizza and its wonderful owner Guy Caligiuri in St. James Long Island (N.Y.). Great Pizza!!! @Varneyco,07-30-2020 14:26:24,24778,114696,FALSE,1288843391065882629
Twitter for iPhone,Drug prices will soon be lowered massively. Big Pharma (Drug Companies) are advertising against me like crazy because lower prices mean less profit. When you watch a Fake Ad just think lower drug prices!!!,07-30-2020 13:44:26,35280,140652,FALSE,1288832830773100544
Twitter for iPhone,Kate Brown Governor of Oregon isn‚Äôt doing her job. She must clear out and in some cases arrest the Anarchists &amp; Agitators in Portland. If she can‚Äôt do it the Federal Government will do it for her. We will not be leaving until there is safety!,07-30-2020 13:20:15,29553,119079,FALSE,1288826742539464707
Twitter for iPhone,With Universal Mail-In Voting (not Absentee Voting which is good) 2020 will be the most INACCURATE &amp; FRAUDULENT Election in history. It will be a great embarrassment to the USA. Delay the Election until people can properly securely and safely vote???,07-30-2020 12:46:09,61960,242586,FALSE,1288818160389558273
Twitter for iPhone,Major China Virus flare ups in many of the countries that the Fake News was touting as doing so well. Some of these countries are now a disaster. Lamestream Media doesn‚Äôt want to report this. Also highly inaccurate numbers being reported by many other countries!!! @WSJ,07-30-2020 12:33:47,22752,84397,FALSE,1288815049604292610
Twitter for iPhone,Mail-In Voting is already proving to be a catastrophic disaster. Even testing areas are way off. The Dems talk of foreign influence in voting but they know that Mail-In Voting is an easy way for foreign countries to enter the race. Even beyond that there‚Äôs no accurate count!,07-30-2020 12:10:22,30950,110715,FALSE,1288809157722877952
Twitter for iPhone,Germany pays Russia billions of dollars a year for Energy and we are supposed to protect Germany from Russia. What‚Äôs that all about? Also Germany is very delinquent in their 2% fee to NATO. We are therefore moving some troops out of Germany!,07-29-2020 23:39:44,47127,198482,FALSE,1288620254130626561
Twitter for iPhone,Check out this Mail-In Voting experiment by a local news station! https://t.co/23tOdt1hYc,07-29-2020 23:24:48,58694,125634,FALSE,1288616496638255105
Twitter for iPhone,New York Mail-In voting is in a disastrous state of condition. Votes from many weeks ago are missing - a total mess. They have no idea what is going on. Rigged Election. I told you so. Same thing would happen but on massive scale with USA. Fake News refuses to report!,07-29-2020 22:28:15,39885,119516,FALSE,1288602262567153664
Twitter for iPhone,RT @realDonaldTrump: .@FoxNews reported incorrectly what the Federal Government is doing with respect to Portland. We are demanding that th‚Ä¶,07-29-2020 22:22:12,29245,0,TRUE,1288600743482548225
Twitter for iPhone,"RT @TeamTrump: President @realDonaldTrump: ‚ÄúI don‚Äôt think Biden‚Äôs going to do too well in Texas"" especially with no fracking part of his p‚Ä¶",07-29-2020 22:22:05,11268,0,TRUE,1288600710263660546
Twitter for iPhone,RT @WhiteHouse: President @realDonaldTrump will ALWAYS put America first! üá∫üá∏ https://t.co/IaJLY7GDn5,07-29-2020 22:21:37,13591,0,TRUE,1288600594014285824
Twitter for iPhone,.@FoxNews reported incorrectly what the Federal Government is doing with respect to Portland. We are demanding that the Governor &amp; Mayor do their job or we will do it for them. To complicated to discuss in a Tweet but bad reporting by Fox (possibly on purpose!). @DHSgov,07-29-2020 22:15:53,29245,98110,FALSE,1288599151349923840
Twitter for iPhone,RT @WhiteHouse: LIVE: President @realDonaldTrump delivers remarks on energy dominance https://t.co/y4hvLoRLIc,07-29-2020 20:31:34,8576,0,TRUE,1288572901323677702
Twitter for iPhone,Great to be in Texas!,07-29-2020 19:57:46,29809,249363,FALSE,1288564391735066625
Twitter for iPhone,RT @realDonaldTrump: LAW &amp; ORDER!,07-29-2020 19:56:36,48327,0,TRUE,1288564098242957313
Twitter for iPhone,RT @realDonaldTrump: Sleepy Joe Biden is just a Trojan Horse for the Radical Left Agenda. He will do whatever they want!,07-29-2020 19:56:28,41489,0,TRUE,1288564064583589889
Twitter for iPhone,https://t.co/6WIUe9lT9D,07-29-2020 19:46:37,9393,36349,FALSE,1288561589155749888
Twitter for iPhone,https://t.co/rGwz4N6PwW,07-29-2020 19:45:14,10769,39852,FALSE,1288561241351426050
Twitter for iPhone,...do not stop the Crime and Violence from the Anarchists and Agitators immediately the Federal Government will go in and do the job that local law enforcement was supposed to do!,07-29-2020 17:02:36,13698,59214,FALSE,1288520310531272708
Twitter for iPhone,If the Federal Government and its brilliant Law Enforcement (Homeland) didn‚Äôt go into Portland one week ago there would be no Portland -- It would be burned and beaten to the ground. If the Mayor and Governor...,07-29-2020 17:02:33,19483,78011,FALSE,1288520300250923014
Twitter for iPhone,Just landed in the Great State of Texas! https://t.co/Z9LjIU0Uec,07-29-2020 16:59:19,9967,49948,FALSE,1288519484823810048
Twitter for iPhone,I was on Air Force One flying to the Great State of Texas where I just landed. It is AMAZING in watching @FoxNews how different they are from four years ago. Not even watchable. They totally forgot who got them where they are!,07-29-2020 16:58:01,23618,110755,FALSE,1288519158368481280
Twitter for iPhone,...With Biden drug prices will quadruple! After many years the game is finally up for Big Pharma and they‚Äôre NOT HAPPY about it! Please understand that when you see their negative ads!,07-29-2020 16:26:26,15949,62300,FALSE,1288511210543964162
Twitter for iPhone,The drug companies are spending millions of dollars in advertising against me only because I am lowering drug prices massively 50% and more! Biden and Obama said they would do this for eight years but never did...,07-29-2020 16:26:25,32230,115455,FALSE,1288511206790111233
Twitter for iPhone,...Your housing prices will go up based on the market and crime will go down. I have rescinded the Obama-Biden AFFH Rule. Enjoy!,07-29-2020 16:19:56,27307,129767,FALSE,1288509572223651840
Twitter for iPhone,I am happy to inform all of the people living their Suburban Lifestyle Dream that you will no longer be bothered or financially hurt by having low income housing built in your neighborhood...,07-29-2020 16:19:55,40681,193213,FALSE,1288509568578777088
Twitter for iPhone,If Congress doesn‚Äôt bring fairness to Big Tech which they should have done years ago I will do it myself with Executive Orders. In Washington it has been ALL TALK and NO ACTION for years and the people of our Country are sick and tired of it!,07-29-2020 16:07:56,42381,150122,FALSE,1288506554585505793
Twitter for iPhone,Reno-Stead Airport has big bucks coming its way. I‚Äôm designating over $4.8 million from @USDOT to reconstruct the airport‚Äôs taxiway and ramp. This along with 4 other airport grants to Nevada will help in the economic recovery and GROWTH of the State!,07-29-2020 15:56:51,9235,38288,FALSE,1288503765008445441
Twitter for iPhone,BIG bucks are on their way to @ILMairport. Over $21.1 MILLION designated to Wilmington International from @USDOT to expand their terminal and make other major upgrades and safety enhancements. This will help to create JOBS and growth in the region!,07-29-2020 15:55:11,7729,32858,FALSE,1288503343640276994
Twitter for iPhone,I am designating $18.9 million from @USDOT to MANY airports in Ohio including @goingplacescle @CAKairport and several others for improvements updates and safety. Great for the economy and the people of Ohio!,07-29-2020 15:54:27,8223,36069,FALSE,1288503162404397061
Twitter for iPhone,Great news for Florida! $3.3 million will be sent to @flyKissimmee from @USDOT for airport improvements and safety enhancements. This is so important for Central Florida and will bring a much-needed boost to the State‚Äôs economy!,07-29-2020 15:54:02,8005,34624,FALSE,1288503057999749121
Twitter for iPhone,I am designating $18.77M from @USDOT for 7 airports across Pennsylvania. @PITairport Northeast Philadelphia Airport Erie International Airport and others around the State. GREAT news for a GREAT State!,07-29-2020 15:53:46,8249,36698,FALSE,1288502990798639105
Twitter for iPhone,Texarkana Regional Airport has a major grant coming its way from @USDOT. I‚Äôm designating $3.6 million to reconstruct its terminal building in addition to 5 more airport grants around the State. Glad to help the people of Arkansas!,07-29-2020 15:52:08,10696,47217,FALSE,1288502576229445632
Twitter for iPhone,RT @realDonaldTrump: Big Pharma is taking television ads trying to make the case that I am raising prescription drug prices on seniors. The‚Ä¶,07-29-2020 11:53:07,60613,0,TRUE,1288442428094128133
Twitter for iPhone,RT @realDonaldTrump: ....be able to produce what I have. So when you see those nasty ads from Big Pharma remember the only reason they are‚Ä¶,07-29-2020 11:53:04,29277,0,TRUE,1288442413879566337
Twitter for iPhone,LAW &amp; ORDER!,07-29-2020 11:30:50,48297,260648,FALSE,1288436818573168641
Twitter for iPhone,Sleepy Joe Biden is just a Trojan Horse for the Radical Left Agenda. He will do whatever they want!,07-29-2020 11:30:35,41480,195884,FALSE,1288436755646099459
Twitter for iPhone,RT @seanhannity: GRAHAM: The FBI ‚ÄòLied Their A** OFF‚Äô to Congress about FISA Warrant Steele Dossier https://t.co/32evEJ80jU,07-29-2020 11:26:41,10858,0,TRUE,1288435776632631296
Twitter for iPhone,RT @seanhannity: REPORT: New York City Spent $52 Million on Temporary Hospital that Treated 79 Coronavirus Patients https://t.co/xdCsAm5Iuw,07-29-2020 11:26:04,13791,0,TRUE,1288435620981944321
Twitter for iPhone,RT @seanhannity: The Heat Is ON: Biden Campaign Goes On Defense Over Senate Burisma Investigation https://t.co/8m8hEBXgk9,07-29-2020 11:25:45,7461,0,TRUE,1288435541344694272
Twitter for iPhone,RT @seanhannity: CHICAGO LEADERS: City Witnessing Crime of ‚ÄòBiblical Proportion‚Äô Mayor Unable to ‚ÄòMaintain Law and Order‚Äô https://t.co/HN0‚Ä¶,07-29-2020 11:25:27,9078,0,TRUE,1288435464102383618
Twitter for iPhone,‚ÄúThe Plus Self-Help for People Who Hate Self-Help‚Äù by the very smart and witty @greggutfeld is on sale now. It is great Canceling Cancel Culture. Make his book as successful as his T.V. Show. Buy it now!,07-29-2020 11:24:58,13984,57098,FALSE,1288435342182318081
Twitter for iPhone,RT @trish_regan: New national survey finds 62% of voters say today‚Äôs political climate prevents them from saying what they believe. I‚Äôm s‚Ä¶,07-29-2020 11:23:29,11540,0,TRUE,1288434969572933634
Twitter for iPhone,"RT @NikkiHaley: ""Look at the difference between Biden &amp; Pres Trump. Who is the person that moved the embassy from Tel Aviv to Jerusalem? Wh‚Ä¶",07-29-2020 11:23:11,12096,0,TRUE,1288434894218178560
Twitter for iPhone,RT @BuckSexton: No matter what @realDonaldTrump did what he closed down how many masks he wore @TheDemocrats were going to use his respo‚Ä¶,07-29-2020 11:22:51,7160,0,TRUE,1288434811892371457
Twitter for iPhone,RT @WashTimesOpEd: Andrew P. Napolitano: ‚ÄúFeds may not deploy police or military domestically unless the state governor requests it.‚Äù @judg‚Ä¶,07-29-2020 11:22:31,3421,0,TRUE,1288434727331004416
Twitter for iPhone,"RT @Varneyco: STU: ""Are you ready for the extraordinary turmoil that a Joe #Biden win would bring on?"" #Democrats #2020Election #VarneyCo h‚Ä¶",07-29-2020 11:22:10,4768,0,TRUE,1288434637359001601
Twitter for iPhone,RT @Varneyco: President Trump can no longer hold in-person rallies during the #pandemic but @ErinMPerrine says that his base is as supporti‚Ä¶,07-29-2020 11:21:13,4447,0,TRUE,1288434400733077504
Twitter for iPhone,RT @Varneyco: With #NewYork still counting votes from its previous #primary election many are wondering if the same will happen for the #2‚Ä¶,07-29-2020 11:20:54,5368,0,TRUE,1288434320273702912
Twitter for iPhone,RT @Varneyco: On Wednesday major big #tech leaders are meeting with Congress to discuss potential #regulations. We asked @RepKenBuck - wha‚Ä¶,07-29-2020 11:20:36,3391,0,TRUE,1288434244524572672
Twitter for iPhone,Great going to a very talented group! https://t.co/Iyw3yOEoN2,07-29-2020 11:20:05,7663,34592,FALSE,1288434112559292417
Twitter for iPhone,Vote these people out. They are CRAZY!  #2020 https://t.co/ktRw2pJUFa,07-29-2020 11:18:38,42286,130029,FALSE,1288433749156388864
Twitter for iPhone,RT @HeyTammyBruce: Shocking: AP Reporter Embedded with Federal Officers in Portland Describes Rioters' Violent Attacks https://t.co/vRjVbn8‚Ä¶,07-29-2020 11:17:14,7365,0,TRUE,1288433395178115072
Twitter for iPhone,RT @WhiteHouse: President @realDonaldTrump is deploying a four-part strategy to protect America's most vulnerable seniors from the Coronavi‚Ä¶,07-29-2020 04:07:41,8511,0,TRUE,1288325296668774401
Twitter for iPhone,RT @TeamTrump: White House Press Secretary @KayleighMcEnany on the @realDonaldTrump administration‚Äôs effort to develop a China Virus vaccin‚Ä¶,07-29-2020 04:07:14,5631,0,TRUE,1288325182986375168
Twitter for iPhone,RT @LouDobbs: Tackling the Pandemic: @realDonaldTrump announces a historic $765m deal with Kodak to bring medical manufacturing back to the‚Ä¶,07-28-2020 22:13:39,15187,0,TRUE,1288236201967849479
Twitter for iPhone,RT @LouDobbs: Extraordinary Accomplishment: @jsolomonReports says President @realDonaldTrump‚Äôs historic deal with Kodak should be front pag‚Ä¶,07-28-2020 22:13:05,9903,0,TRUE,1288236060011638784
Twitter for iPhone,RT @WhiteHouse: We are building the greatest medical arsenal in history! https://t.co/M8FfLgseAs,07-28-2020 22:08:53,9118,0,TRUE,1288235002602442752
Twitter for iPhone,RT @WhiteHouse: President @realDonaldTrump is working to ensure that AMERICA produces the critical goods necessary to combat COVID-19 here‚Ä¶,07-28-2020 22:08:50,6999,0,TRUE,1288234991483269123
Twitter for iPhone,"RT @WhiteHouse: We must never be reliant on a foreign nation for America's needs. ""Restoring American manufacturing is a core matter of n‚Ä¶",07-28-2020 22:00:29,9904,0,TRUE,1288232888731873281
Twitter for iPhone,RT @WhiteHouse: President @realDonaldTrump is taking bold action to ensure that Americans are no longer reliant on foreign countries for cr‚Ä¶,07-28-2020 21:54:43,9273,0,TRUE,1288231439272677376
Twitter for iPhone,RT @TeamTrump: President @realDonaldTrump on rapid vaccine development https://t.co/UWLvxuoApR,07-28-2020 21:54:24,4875,0,TRUE,1288231358574268421
Twitter for iPhone,RT @TeamTrump: President @realDonaldTrump: ‚ÄúWe will bring back our jobs and we will make America the world's premier medical manufacturer a‚Ä¶,07-28-2020 21:54:14,7735,0,TRUE,1288231315251367936
Twitter for iPhone,RT @TeamTrump: President @realDonaldTrump will enact his 33rd use of the Defense Production Act https://t.co/UYfAXV3iGH,07-28-2020 21:54:10,5359,0,TRUE,1288231298260238340
Twitter for iPhone,RT @WhiteHouse: Our 33rd use of the Defense Production Act will mobilize Kodak to make generic active pharmaceutical ingredients. https://‚Ä¶,07-28-2020 21:53:47,6219,0,TRUE,1288231202151956481
Twitter for iPhone,RT @WhiteHouse: We have reached a historic deal with @Kodak to begin producing critical pharmaceutical ingredients right here in America! h‚Ä¶,07-28-2020 21:53:44,6652,0,TRUE,1288231189191495682
Twitter for iPhone,RT @WhiteHouse: LIVE: President @realDonaldTrump holds a news conference https://t.co/WDRDU18TYU,07-28-2020 21:21:00,5871,0,FALSE,1288222951511392256
Twitter for iPhone,....be able to produce what I have. So when you see those nasty ads from Big Pharma remember the only reason they are going all out is the massive PRICE REDUCTIONS you are getting - not good for them. Plus I was only President in 51 years that got a Prescription D reduction!,07-28-2020 13:48:34,23976,95926,FALSE,1288109093694005253
Twitter for iPhone,Big Pharma is taking television ads trying to make the case that I am raising prescription drug prices on seniors. The ad is a lie! What I have done will lead to a 50% REDUCTION in prices at least &amp; Big Pharma is not happy about it. No other President would....,07-28-2020 13:48:33,50738,177356,FALSE,1288109090061705222
Twitter for iPhone,‚ÄúNadler calls ANTIFA violence a MYTH.‚Äù @foxandfriends  They are Anarchists with miles of ‚Äútape‚Äù showing their illegal activity. Jerry blame it on Russia Russia Russia!,07-28-2020 12:53:44,34956,129342,FALSE,1288095296363405314